Country Name,2018,2017,2016,2015,2014
United States,"$20,580,159,776,000","$19,519,353,692,000","$18,714,960,538,000","$18,224,704,440,000","$17,527,163,695,000"
China,"$13,894,817,549,374","$12,310,409,370,893","$11,233,276,536,737","$11,061,553,079,876","$10,475,682,920,595"
Japan,"$4,954,806,619,995","$4,866,864,409,658","$4,922,538,141,455","$4,389,475,622,589","$4,850,413,536,038"
Germany,"$3,963,767,526,251","$3,682,602,479,929","$3,467,498,002,104","$3,356,235,704,120","$3,883,920,155,292"
United Kingdom,"$2,860,667,727,552","$2,666,229,179,958","$2,694,283,209,613","$2,928,591,002,003","$3,063,803,240,208"
France,"$2,787,863,958,885","$2,595,151,045,198","$2,471,285,607,082","$2,438,207,896,252","$2,852,165,760,630"
India,"$2,713,165,057,513","$2,652,754,685,835","$2,294,797,978,292","$2,103,587,817,042","$2,039,127,446,299"
Italy,"$2,091,544,955,092","$1,961,796,197,354","$1,875,797,463,584","$1,835,899,237,320","$2,159,133,919,744"
Brazil,"$1,885,482,534,238","$2,062,831,045,936","$1,795,700,168,991","$1,802,214,373,741","$2,455,993,625,159"
South Korea,"$1,724,845,615,629","$1,623,901,496,836","$1,500,111,596,236","$1,465,773,245,547","$1,484,318,219,634"
Canada,"$1,716,262,621,082","$1,649,878,054,227","$1,528,243,213,982","$1,556,129,524,418","$1,803,533,209,845"
Russia,"$1,669,583,089,323","$1,574,199,387,071","$1,276,786,979,222","$1,363,481,063,447","$2,059,241,965,491"
Australia,"$1,432,881,172,002","$1,329,188,475,752","$1,208,846,993,740","$1,351,693,984,525","$1,467,483,705,132"
Spain,"$1,422,153,839,841","$1,312,539,279,462","$1,232,076,017,362","$1,195,119,269,972","$1,369,398,844,600"
Mexico,"$1,222,348,807,283","$1,158,913,035,796","$1,078,490,651,625","$1,171,867,608,198","$1,315,351,183,525"
Indonesia,"$1,042,240,309,413","$1,015,618,742,566","$931,877,364,178","$860,854,235,065","$890,814,755,233"
Netherlands,"$914,043,438,180","$833,869,641,687","$783,528,181,705","$765,264,949,781","$890,981,311,078"
Saudi Arabia,"$786,521,831,572","$688,586,244,287","$644,935,541,446","$654,269,902,889","$756,350,347,320"
Turkey,"$778,381,859,841","$858,988,610,574","$869,683,121,563","$864,314,287,106","$938,934,394,764"
Switzerland,"$705,140,620,047","$679,950,481,623","$671,309,197,478","$679,832,292,005","$709,182,559,935"
Poland,"$587,411,745,162","$526,508,877,305","$472,630,364,208","$477,811,911,394","$542,477,096,212"
Sweden,"$555,455,371,487","$541,018,749,769","$515,654,671,470","$505,103,781,350","$581,964,017,237"
Belgium,"$543,734,366,831","$502,698,069,367","$475,739,588,765","$462,149,679,344","$534,678,075,827"
Argentina,"$517,626,700,413","$643,628,665,303","$557,531,376,218","$594,749,285,413","$526,319,673,732"
Thailand,"$506,514,103,905","$456,294,704,153","$413,430,123,185","$401,295,941,041","$407,339,361,696"
Austria,"$455,094,861,902","$417,237,869,116","$395,568,644,341","$381,817,565,894","$441,996,131,737"
Iran,"$453,996,479,250","$445,345,256,459","$417,983,583,566","$384,951,479,697","$432,687,036,178"
Norway,"$434,166,615,432","$398,393,955,269","$368,819,929,542","$385,801,550,067","$498,410,050,251"
UAE,"$422,215,043,585","$385,605,506,855","$357,045,064,670","$358,135,057,862","$403,137,100,068"
Nigeria,"$397,190,484,464","$375,746,469,539","$404,650,006,429","$486,803,295,098","$546,676,374,568"
Ireland,"$382,674,360,648","$335,663,113,508","$300,523,297,824","$291,499,812,215","$258,471,884,600"
Singapore,"$373,217,081,851","$341,863,349,989","$318,652,334,419","$308,004,146,058","$314,851,156,183"
Israel,"$370,587,977,126","$353,253,406,983","$318,950,599,044","$299,813,121,135","$309,558,454,691"
South Africa,"$368,288,939,768","$349,554,116,684","$296,357,282,715","$317,620,522,795","$350,904,575,292"
Hong Kong,"$361,696,880,781","$341,244,161,577","$320,837,638,329","$309,383,627,029","$291,459,356,985"
Malaysia,"$358,715,057,124","$319,112,136,545","$301,255,380,276","$301,354,803,994","$338,061,963,396"
Denmark,"$356,879,499,798","$332,121,063,806","$313,115,929,314","$302,673,070,847","$352,993,631,618"
Philippines,"$346,841,896,890","$328,480,738,147","$318,627,003,966","$306,445,871,632","$297,483,553,300"
Colombia,"$333,568,923,004","$311,883,730,690","$282,825,009,887","$293,481,748,241","$381,112,119,657"
Pakistan,"$314,567,541,558","$304,567,253,219","$278,654,637,738","$270,556,131,701","$244,360,888,751"
Chile,"$298,258,019,275","$277,044,950,259","$250,440,136,356","$243,919,085,309","$260,541,629,961"
Finland,"$275,946,554,579","$255,232,257,244","$240,607,907,010","$234,440,080,998","$274,497,230,803"
Bangladesh,"$274,039,092,455","$249,711,027,660","$221,415,188,000","$195,078,678,697","$172,885,454,931"
Egypt,"$249,712,999,437","$235,733,695,652","$332,441,717,791","$329,366,576,819","$305,595,408,895"
Czech Republic,"$248,908,731,818","$218,628,940,952","$196,272,068,576","$188,033,050,460","$209,358,834,156"
Vietnam,"$245,213,686,369","$223,779,865,815","$205,276,172,135","$193,241,108,710","$186,204,652,922"
Portugal,"$242,313,116,578","$221,357,874,719","$206,286,022,782","$199,313,894,327","$229,596,170,847"
Romania,"$241,457,403,085","$211,695,422,579","$188,128,818,486","$177,729,210,875","$199,959,363,430"
Iraq,"$224,228,010,474","$195,473,049,873","$174,896,224,010","$177,498,577,313","$234,648,370,506"
Peru,"$222,044,970,486","$211,007,207,484","$191,895,943,824","$189,805,300,842","$200,789,362,452"
Greece,"$218,138,367,209","$203,588,424,740","$195,222,443,845","$196,591,353,872","$237,029,578,730"
New Zealand,"$207,920,613,962","$205,415,864,858","$188,223,664,747","$177,467,529,071","$200,921,936,786"
Qatar,"$183,334,953,813","$161,099,122,215","$151,732,181,857","$161,739,955,578","$206,224,598,565"
Kazakhstan,"$179,339,994,859","$166,805,800,596","$137,278,320,084","$184,388,432,149","$221,415,572,820"
Algeria,"$175,405,660,377","$170,163,165,961","$159,994,837,855","$166,361,491,141","$213,860,450,596"
Hungary,"$160,418,835,851","$142,961,605,733","$128,470,534,118","$125,074,286,021","$140,765,018,881"
Kuwait,"$140,645,364,238","$120,707,220,574","$109,419,728,567","$114,567,298,106","$162,631,412,509"
Ukraine,"$130,901,858,422","$112,190,355,158","$93,355,993,629","$91,030,959,455","$133,503,411,376"
Morocco,"$118,096,227,400","$109,682,728,023","$103,311,649,248","$101,179,808,076","$110,081,248,587"
Ecuador,"$107,562,008,000","$104,295,862,000","$99,937,696,000","$99,290,381,000","$101,726,331,000"
Slovak Republic,"$105,701,930,963","$95,494,424,979","$89,655,253,976","$88,467,555,244","$101,189,715,749"
Angola,"$101,353,230,785","$122,123,822,334","$101,123,851,090","$116,193,649,124","$145,712,200,313"
Puerto Rico,"$100,979,900,000","$103,445,500,000","$104,336,700,000","$103,375,500,000","$102,445,800,000"
Cuba,"$100,023,000,000","$96,851,000,000","$91,370,000,000","$87,133,000,000","$80,656,000,000"
Sri Lanka,"$88,425,889,592","$87,428,125,558","$82,401,038,710","$80,604,080,689","$79,356,449,841"
Kenya,"$87,778,582,964","$78,965,004,656","$69,188,755,364","$64,007,750,169","$61,448,046,802"
Dominican Republic,"$85,555,378,044","$79,997,975,623","$75,704,720,190","$71,164,825,258","$67,179,914,026"
Ethiopia,"$84,269,348,327","$81,770,791,971","$74,296,618,481","$64,589,334,979","$55,612,228,234"
Oman,"$79,788,768,969","$70,598,026,283","$65,480,507,171","$68,399,663,322","$80,686,854,743"
Myanmar,"$76,168,043,982","$68,945,867,478","$67,184,236,747","$67,822,772,707","$65,446,199,788"
Guatemala,"$73,118,147,941","$71,612,352,645","$66,053,725,049","$62,186,186,576","$57,852,399,705"
Luxembourg,"$70,919,958,016","$64,181,944,723","$60,691,483,443","$57,744,457,955","$66,103,853,237"
Bulgaria,"$66,230,155,100","$58,971,520,599","$53,806,894,796","$50,647,442,757","$56,901,994,980"
Ghana,"$65,556,464,048","$58,998,132,330","$55,009,730,600","$48,564,863,888","$53,660,342,160"
Panama,"$65,128,200,000","$62,219,000,000","$57,907,700,000","$54,091,700,000","$49,921,500,000"
Croatia,"$61,375,222,347","$55,481,644,098","$51,601,147,666","$49,525,747,504","$57,639,588,806"
Costa Rica,"$60,553,901,420","$58,481,858,043","$57,157,992,434","$54,775,994,479","$50,577,769,838"
Belarus,"$60,031,262,269","$54,726,595,249","$47,722,657,821","$56,454,734,397","$78,813,839,984"
Uruguay,"$59,596,885,024","$59,530,088,537","$52,687,612,262","$53,274,304,222","$57,236,013,088"
Tanzania,"$58,001,200,572","$53,320,625,959","$49,774,021,003","$47,378,599,025","$49,964,788,814"
Macao,"$55,084,050,790","$50,751,059,058","$45,387,299,721","$45,361,678,147","$55,347,998,648"
Lebanon,"$54,961,275,742","$53,140,638,269","$51,205,122,504","$49,939,374,833","$48,134,486,625"
Slovenia,"$54,161,636,035","$48,586,603,448","$44,736,333,522","$43,090,173,395","$49,930,685,013"
Lithuania,"$53,722,883,091","$47,758,736,932","$43,018,087,238","$41,418,872,976","$48,574,531,942"
Libya,"$52,607,888,718","$37,883,243,650","$26,197,143,268","$27,842,131,480","$41,142,722,414"
Serbia,"$50,640,650,221","$44,179,055,280","$40,692,643,373","$39,655,958,843","$47,062,206,678"
Uzbekistan,"$50,392,607,758","$59,159,945,321","$81,779,012,351","$81,847,410,182","$76,658,542,757"
Azerbaijan,"$47,112,941,176","$40,865,558,912","$37,867,518,957","$53,074,370,486","$75,244,294,275"
"Congo, Dem. Rep.","$46,831,342,213","$38,019,265,626","$37,134,799,975","$37,917,704,900","$35,909,040,266"
Jordan,"$42,932,112,676","$41,408,960,787","$39,892,551,149","$38,587,017,944","$36,847,643,587"
Turkmenistan,"$40,761,142,857","$37,926,285,714","$36,180,000,000","$35,799,714,286","$43,524,210,526"
Paraguay,"$40,384,691,791","$39,008,900,332","$36,054,281,572","$36,164,068,797","$40,276,532,541"
Bolivia,"$40,287,647,930","$37,508,642,165","$33,941,126,200","$33,000,198,248","$32,996,188,013"
Tunisia,"$39,770,297,329","$39,802,430,355","$41,801,210,428","$43,173,480,832","$47,632,326,088"
Cameroon,"$38,694,156,863","$35,009,262,788","$32,643,697,596","$30,928,653,814","$34,989,493,826"
Bahrain,"$37,652,500,000","$35,473,776,596","$32,234,973,404","$31,050,638,298","$33,387,712,766"
Latvia,"$34,416,012,859","$30,458,763,246","$28,052,325,862","$27,239,653,844","$31,329,367,173"
Sudan,"$33,128,480,499","$45,021,077,955","$51,772,232,495","$74,294,508,240","$64,941,713,057"
Uganda,"$32,916,147,253","$30,756,466,548","$29,078,719,934","$32,248,116,584","$32,472,363,452"
Estonia,"$30,631,142,227","$26,951,648,829","$24,259,552,889","$23,048,864,243","$26,773,473,625"
Nepal,"$29,173,513,476","$25,180,583,770","$21,185,922,408","$21,410,840,909","$20,002,968,838"
Zambia,"$26,312,140,829","$25,868,165,345","$20,954,754,378","$21,243,339,048","$27,150,728,124"
El Salvador,"$26,117,400,000","$24,979,200,000","$24,191,440,000","$23,438,240,000","$22,593,480,000"
Iceland,"$25,737,594,324","$24,488,176,541","$20,618,363,252","$17,389,101,639","$17,758,050,016"
Cyprus,"$25,309,818,139","$22,729,184,365","$20,953,442,550","$19,842,404,305","$23,156,850,007"
Cambodia,"$24,571,753,583","$22,177,200,512","$20,016,747,754","$18,049,954,289","$16,702,610,842"
Zimbabwe,"$24,311,560,500","$22,040,902,300","$20,548,678,100","$19,963,120,600","$19,495,519,600"
Papua New Guinea,"$24,109,509,856","$22,742,613,549","$20,759,069,105","$21,723,531,182","$23,210,682,537"
Honduras,"$24,024,189,736","$23,136,232,230","$21,717,622,071","$20,979,767,785","$19,756,494,435"
Trinidad And Tobago,"$23,808,146,748","$22,474,828,527","$22,284,780,327","$25,062,893,969","$27,615,843,098"
Yemen,"$23,486,270,352","$26,736,139,802","$30,935,978,724","$42,450,620,876","$43,206,469,767"
Senegal,"$23,236,007,428","$20,996,564,752","$19,040,312,815","$17,774,766,636","$19,797,254,643"
Bosnia,"$20,183,510,561","$18,080,118,128","$16,913,330,694","$16,211,541,820","$18,558,343,508"
Botswana,"$18,663,265,549","$17,405,588,070","$15,646,354,089","$14,420,593,484","$16,250,781,587"
Afghanistan,"$18,353,881,130","$18,869,945,678","$18,017,749,074","$19,907,111,419","$20,484,885,120"
Lao PDR,"$17,953,786,416","$16,853,087,485","$15,805,692,546","$14,390,442,307","$13,268,458,232"
Georgia,"$17,599,700,091","$16,242,916,916","$15,141,758,567","$14,953,950,557","$17,627,003,455"
Mali,"$17,070,758,732","$15,365,627,045","$14,025,944,550","$13,104,802,016","$14,364,859,446"
Gabon,"$16,862,282,414","$14,929,488,771","$14,023,890,620","$14,383,107,714","$18,203,968,002"
West Bank And Gaza,"$16,276,600,000","$16,128,000,000","$15,405,400,000","$13,972,400,000","$13,989,700,000"
Burkina Faso,"$16,059,910,871","$14,106,956,830","$12,833,363,370","$11,832,159,276","$13,943,016,924"
Haiti,"$15,965,670,198","$14,213,814,583","$13,723,267,961","$14,857,386,164","$14,790,765,760"
Jamaica,"$15,713,908,816","$14,806,340,821","$14,075,894,320","$14,187,696,311","$13,897,804,560"
Albania,"$15,147,020,535","$13,019,693,451","$11,861,200,797","$11,386,846,319","$13,228,144,008"
Mozambique,"$14,845,870,051","$13,219,084,261","$11,936,999,283","$15,950,969,019","$17,716,084,108"
Malta,"$14,750,790,658","$13,146,963,159","$11,665,231,192","$11,091,434,435","$11,626,281,450"
Benin,"$14,250,985,959","$12,701,656,931","$11,821,066,153","$11,388,160,958","$13,284,528,654"
Mauritius,"$14,181,951,059","$13,259,351,418","$12,232,463,656","$11,692,287,066","$12,803,445,934"
Madagascar,"$13,853,433,948","$13,176,313,233","$11,848,615,018","$11,323,023,787","$12,522,959,157"
Brunei,"$13,567,351,175","$12,128,104,859","$11,400,854,268","$12,930,394,938","$17,098,342,541"
"Congo, Rep.","$13,518,403,447","$11,198,674,674","$10,335,424,288","$11,953,249,530","$17,783,526,318"
Namibia,"$13,454,211,344","$12,741,746,524","$10,665,634,688","$11,272,143,473","$12,356,482,989"
Equatorial Guinea,"$13,278,488,567","$12,200,914,930","$11,240,809,132","$13,185,496,836","$21,765,454,404"
Mongolia,"$13,108,769,496","$11,425,755,280","$11,186,734,674","$11,749,620,620","$12,226,514,722"
Nicaragua,"$13,063,904,770","$13,785,909,906","$13,286,083,645","$12,756,706,583","$11,880,434,071"
Bahamas,"$13,022,100,000","$12,490,700,000","$11,928,500,000","$11,710,800,000","$11,111,600,000"
Niger,"$12,846,952,857","$11,189,541,083","$10,355,006,770","$9,685,577,941","$10,862,944,204"
North Macedonia,"$12,683,073,866","$11,307,058,382","$10,672,471,861","$10,064,515,432","$11,362,272,838"
Armenia,"$12,457,941,907","$11,527,458,566","$10,546,135,160","$10,553,337,673","$11,609,512,940"
Moldova,"$11,456,717,193","$9,669,759,987","$8,071,480,541","$7,745,231,660","$9,510,219,299"
Chad,"$11,239,167,048","$10,000,395,242","$10,097,778,354","$10,950,392,220","$13,940,768,066"
Guinea,"$10,907,214,994","$10,324,668,267","$8,595,955,581","$8,794,202,444","$8,778,473,615"
Rwanda,"$9,635,951,160","$9,253,098,954","$8,697,268,916","$8,545,441,361","$8,246,166,341"
Kyrgyz Republic,"$8,271,108,638","$7,702,934,800","$6,813,092,066","$6,678,178,340","$7,468,096,567"
Kosovo,"$7,942,961,738","$7,245,707,185","$6,719,172,017","$6,442,915,788","$7,396,705,195"
Tajikistan,"$7,522,947,810","$7,157,865,188","$6,952,678,127","$7,854,602,392","$9,112,544,556"
Isle Of Man,"$7,491,969,313","$6,979,581,725","$6,846,691,871","$7,085,288,006","$7,708,834,951"
Bermuda,"$7,224,329,000","$7,142,316,000","$6,899,911,000","$6,654,541,000","$6,413,988,000"
Monaco,"$7,188,238,073","$6,431,314,957","$6,472,990,923","$6,261,622,101","$7,069,616,049"
Mauritania,"$7,049,169,771","$6,758,390,729","$6,398,744,505","$6,166,857,629","$6,592,537,782"
Malawi,"$6,917,301,909","$6,303,292,264","$5,433,040,160","$6,373,212,641","$6,047,813,437"
Liechtenstein,"$6,876,981,286","$6,552,858,739","$6,237,264,055","$6,268,391,521","$6,657,170,923"
Guam,"$5,920,000,000","$5,851,000,000","$5,795,000,000","$5,710,000,000","$5,538,000,000"
Fiji,"$5,581,393,121","$5,353,404,419","$4,930,204,220","$4,682,546,881","$4,856,963,252"
Cayman Islands,"$5,517,361,238","$5,153,091,158","$4,909,498,943","$4,708,336,756","$4,563,017,852"
Montenegro,"$5,504,255,214","$4,844,606,146","$4,373,958,354","$4,053,097,851","$4,587,741,791"
Togo,"$5,364,369,026","$4,819,949,975","$4,486,979,198","$4,180,866,177","$4,574,986,537"
Maldives,"$5,299,773,145","$4,754,352,301","$4,379,115,588","$4,109,447,297","$3,697,351,594"
Barbados,"$5,086,500,000","$4,978,000,000","$4,830,000,000","$4,715,000,000","$4,696,500,000"
Guyana,"$4,787,635,821","$4,748,174,334","$4,482,697,337","$4,279,840,362","$4,127,664,336"
Eswatini,"$4,665,424,249","$4,402,973,000","$3,816,018,485","$4,062,660,890","$4,422,304,975"
Sierra Leone,"$4,085,114,794","$3,739,577,973","$3,674,794,530","$4,218,723,875","$5,015,157,816"
Suriname,"$3,464,656,616","$3,216,207,914","$3,128,953,537","$4,787,367,928","$5,240,606,061"
Liberia,"$3,264,000,000","$3,285,455,000","$3,277,826,000","$3,177,000,000","$3,144,000,000"
Andorra,"$3,218,316,013","$3,000,180,750","$2,896,679,212","$2,789,870,188","$3,271,808,157"
Curacao,"$3,127,908,045","$3,116,610,112","$3,122,287,933","$3,151,910,782","$3,158,406,034"
Faroe Islands,"$3,116,887,847","$2,905,102,304","$2,738,832,687","$2,518,096,286","$2,850,743,875"
Greenland,"$3,051,626,390","$2,826,651,926","$2,707,146,783","$2,499,115,623","$2,842,048,998"
Burundi,"$3,036,931,818","$3,172,292,379","$2,959,640,987","$3,104,394,858","$2,705,783,272"
Djibouti,"$3,012,820,410","$2,751,461,056","$2,603,554,907","$2,430,287,967","$2,214,681,574"
Lesotho,"$2,575,892,262","$2,405,289,384","$2,165,408,359","$2,372,280,103","$2,499,803,984"
Bhutan,"$2,446,866,405","$2,450,364,928","$2,158,972,129","$2,003,598,213","$1,907,090,813"
Central African Republic,"$2,220,978,978","$2,072,350,151","$1,825,018,191","$1,695,825,708","$1,894,813,505"
St. Lucia,"$2,065,875,074","$1,999,090,407","$1,865,375,222","$1,808,079,889","$1,755,130,815"
Cabo Verde,"$1,966,983,317","$1,769,787,215","$1,662,998,678","$1,596,800,287","$1,859,898,513"
Belize,"$1,871,200,000","$1,836,600,000","$1,775,100,000","$1,723,800,000","$1,662,800,000"
Gambia,"$1,670,670,669","$1,504,909,753","$1,484,579,844","$1,378,176,868","$1,229,460,602"
San Marino,"$1,655,300,873","$1,528,630,707","$1,468,377,272","$1,419,394,771","$1,673,973,695"
Antigua And Barbuda,"$1,605,351,852","$1,467,977,778","$1,436,585,185","$1,336,692,593","$1,249,733,333"
Solomon Islands,"$1,593,964,162","$1,483,758,907","$1,378,551,118","$1,307,061,544","$1,335,538,893"
Seychelles,"$1,586,009,000","$1,524,486,800","$1,426,651,769","$1,377,495,054","$1,343,007,845"
Timor-Leste,"$1,559,894,900","$1,599,338,100","$1,650,608,600","$1,594,410,800","$1,447,311,400"
Guinea-Bissau,"$1,458,868,242","$1,350,177,128","$1,179,004,941","$1,048,229,629","$1,054,915,645"
Northern Mariana Islands,"$1,323,000,000","$1,601,000,000","$1,250,000,000","$931,000,000","$845,000,000"
Sint Maarten (Dutch Part),"$1,185,474,860","$1,191,620,112","$1,263,687,151","$1,253,072,626","$1,245,251,397"
Comoros,"$1,178,530,758","$1,077,439,663","$1,012,835,518","$966,029,542","$1,149,587,652"
Grenada,"$1,168,696,296","$1,125,685,185","$1,061,631,222","$997,007,926","$911,497,407"
Turks And Caicos Islands,"$1,113,178,000","$1,022,365,000","$1,032,452,000","$942,070,000","$841,070,000"
St. Kitts And Nevis,"$1,010,822,222","$996,944,444","$971,166,667","$923,155,556","$916,566,667"
Vanuatu,"$914,700,508","$880,043,554","$804,332,796","$759,689,951","$814,954,307"
Samoa,"$821,496,065","$832,153,613","$799,376,440","$788,307,331","$756,919,917"
St. Vincent And The Grenadines,"$811,300,000","$792,177,778","$774,429,630","$755,400,000","$727,714,815"
American Samoa,"$636,000,000","$602,000,000","$652,000,000","$661,000,000","$642,000,000"
Dominica,"$551,074,074","$519,837,037","$576,229,630","$540,737,037","$520,207,407"
Tonga,"$489,235,527","$460,379,145","$420,540,179","$437,006,227","$439,878,828"
Sao Tome And Principe,"$412,261,830","$375,614,556","$345,495,358","$316,065,370","$346,527,950"
Micronesia,"$401,932,300","$366,666,800","$332,265,200","$316,489,900","$319,271,200"
Palau,"$280,435,700","$286,106,800","$295,065,400","$280,457,700","$241,669,800"
Marshall Islands,"$221,278,000","$212,881,000","$200,558,400","$184,599,600","$184,689,500"
Kiribati,"$196,737,896","$187,276,211","$178,328,873","$171,117,872","$179,703,443"
Nauru,"$124,021,394","$109,585,942","$100,087,349","$86,779,266","$104,654,365"
Tuvalu,"$42,588,165","$40,619,252","$36,547,800","$35,492,074","$37,290,608"
Venezuela,$0,$0,$0,$0,"$482,359,318,768"
Virgin Islands (U.S.),$0,"$3,855,000,000","$3,863,000,000","$3,748,000,000","$3,622,000,000"
South Sudan,$0,$0,$0,"$11,997,800,760","$13,962,212,847"
Aruba,$0,"$3,056,424,581","$2,965,921,788","$2,919,553,073","$2,765,363,128"
Libya,15.13%,26.68%,-2.80%,-8.86%,-24.00%
Rwanda,8.58%,3.98%,5.97%,8.86%,6.17%
Djibouti,8.41%,5.40%,6.65%,7.70%,7.06%
Ireland,8.17%,8.15%,3.68%,25.16%,8.56%
Maldives,8.13%,7.21%,6.34%,2.88%,7.33%
Bangladesh,7.86%,7.28%,7.11%,6.55%,6.06%
Cambodia,7.47%,6.83%,7.03%,7.04%,7.14%
Antigua And Barbuda,7.39%,3.15%,5.50%,3.83%,3.80%
Tajikistan,7.30%,7.62%,6.87%,6.01%,6.71%
Mongolia,7.25%,5.34%,1.17%,2.38%,7.89%
Gambia,7.23%,4.82%,1.94%,4.06%,-1.41%
Niger,7.22%,5.00%,5.71%,4.39%,6.64%
Vietnam,7.08%,6.81%,6.21%,6.68%,5.98%
Dominican Republic,6.98%,4.67%,6.66%,6.93%,7.05%
Ethiopia,6.82%,9.56%,9.43%,10.39%,10.26%
Myanmar,6.75%,6.41%,5.75%,6.99%,7.99%
China,6.75%,6.95%,6.85%,7.04%,7.43%
Burkina Faso,6.73%,6.20%,5.96%,3.92%,4.33%
Nepal,6.70%,8.22%,0.59%,3.32%,5.99%
Benin,6.70%,5.67%,3.34%,1.78%,6.36%
Senegal,6.38%,7.41%,6.36%,6.37%,6.61%
Philippines,6.34%,6.93%,7.15%,6.35%,6.35%
Kenya,6.32%,4.81%,5.88%,5.72%,5.36%
Ghana,6.26%,8.14%,3.45%,2.18%,2.90%
Lao PDR,6.25%,6.89%,7.02%,7.27%,7.61%
Turkmenistan,6.20%,6.50%,6.20%,6.50%,10.30%
Guinea,6.20%,10.30%,10.83%,3.81%,3.71%
Uganda,6.16%,3.81%,4.78%,5.19%,5.11%
India,6.12%,7.04%,8.26%,8.00%,7.41%
Monaco,6.10%,-3.40%,3.50%,4.90%,7.20%
Nauru,6.10%,-5.75%,3.57%,3.70%,26.56%
Pakistan,5.84%,5.55%,5.53%,4.73%,4.67%
"Congo, Dem. Rep.",5.82%,3.73%,2.40%,6.92%,9.47%
Turks And Caicos Islands,5.61%,-2.49%,7.25%,11.31%,8.71%
Uzbekistan,5.45%,4.46%,6.09%,7.45%,7.18%
Tanzania,5.45%,6.79%,6.87%,6.16%,6.73%
Macao,5.44%,9.89%,-0.72%,-21.59%,-1.20%
Hungary,5.41%,4.32%,2.14%,3.82%,4.23%
Poland,5.35%,4.83%,3.14%,4.24%,3.38%
Egypt,5.31%,4.18%,4.35%,4.37%,2.92%
Cyprus,5.24%,5.15%,6.44%,3.22%,-1.83%
Armenia,5.20%,7.50%,0.20%,3.20%,3.60%
Malta,5.18%,8.02%,3.89%,9.61%,7.63%
Indonesia,5.17%,5.07%,5.03%,4.88%,5.01%
Montenegro,5.08%,4.72%,2.95%,3.39%,1.78%
Togo,4.93%,4.36%,5.56%,5.74%,5.92%
Georgia,4.87%,4.84%,2.91%,3.02%,4.43%
Zimbabwe,4.83%,4.70%,0.76%,1.78%,2.38%
Malaysia,4.77%,5.81%,4.45%,5.09%,6.01%
Mali,4.75%,5.31%,5.85%,6.17%,7.08%
Madagascar,4.56%,3.93%,3.99%,3.13%,3.34%
Cabo Verde,4.53%,3.70%,4.71%,1.01%,0.61%
Serbia,4.50%,2.10%,3.34%,1.81%,-1.59%
Botswana,4.48%,2.90%,4.30%,-1.70%,4.15%
Romania,4.47%,7.32%,4.70%,2.95%,3.61%
Guyana,4.44%,3.73%,3.81%,0.69%,1.69%
Slovenia,4.38%,4.79%,3.19%,2.21%,2.77%
Estonia,4.36%,5.50%,3.19%,1.84%,2.99%
Moldova,4.30%,4.69%,4.41%,-0.34%,5.00%
Bolivia,4.22%,4.20%,4.26%,4.86%,5.46%
Thailand,4.15%,4.07%,3.43%,3.13%,0.98%
Grenada,4.14%,4.44%,3.74%,6.44%,7.34%
Cayman Islands,4.13%,3.10%,3.24%,2.83%,2.65%
Kazakhstan,4.10%,4.10%,1.10%,1.20%,4.20%
Albania,4.07%,3.80%,3.31%,2.22%,1.77%
Cameroon,4.06%,3.55%,4.65%,5.65%,5.88%
Palau,4.06%,-1.92%,-0.08%,7.54%,6.29%
Zambia,4.03%,3.50%,3.78%,2.92%,4.70%
Latvia,4.02%,3.25%,2.37%,4.01%,1.07%
Peru,3.98%,2.52%,3.95%,3.25%,2.38%
Chile,3.95%,1.19%,1.71%,2.30%,1.77%
Solomon Islands,3.94%,5.34%,5.88%,1.42%,1.05%
Lithuania,3.94%,4.28%,2.52%,2.02%,3.54%
Kosovo,3.82%,4.23%,4.07%,4.10%,1.22%
Iceland,3.81%,4.55%,6.63%,4.75%,2.08%
Fiji,3.81%,5.35%,2.44%,4.50%,5.60%
Guinea-Bissau,3.80%,5.92%,6.26%,6.13%,0.96%
Central African Republic,3.79%,4.53%,4.75%,4.34%,0.08%
Slovak Republic,3.77%,3.04%,2.13%,4.81%,2.64%
Mauritius,3.76%,3.81%,3.84%,3.55%,3.74%
Kyrgyz Republic,3.76%,4.74%,4.34%,3.88%,4.02%
Seychelles,3.75%,4.38%,4.56%,4.94%,4.50%
Bosnia,3.74%,3.17%,3.15%,3.09%,1.15%
Honduras,3.70%,4.84%,3.89%,3.84%,3.06%
Panama,3.69%,5.60%,4.95%,5.73%,5.07%
Marshall Islands,3.62%,4.06%,1.31%,1.59%,-0.94%
Israel,3.45%,3.54%,3.98%,2.29%,3.76%
Sierra Leone,3.45%,4.21%,6.06%,-20.60%,4.56%
Mozambique,3.44%,3.74%,3.82%,6.72%,7.40%
Singapore,3.44%,4.34%,3.24%,2.99%,3.94%
Comoros,3.43%,3.82%,3.32%,1.12%,2.10%
Ukraine,3.41%,2.47%,2.24%,-9.77%,-6.55%
Paraguay,3.36%,4.95%,4.31%,3.08%,4.86%
Sri Lanka,3.31%,3.58%,4.49%,5.01%,4.96%
Greenland,3.22%,0.47%,4.68%,-2.53%,4.74%
Guatemala,3.21%,3.02%,2.68%,4.09%,4.44%
Czech Republic,3.18%,5.17%,2.54%,5.39%,2.26%
Malawi,3.17%,4.00%,2.48%,2.80%,5.70%
Belarus,3.15%,2.53%,-2.53%,-3.83%,1.73%
Morocco,3.15%,4.25%,1.06%,4.54%,2.67%
New Zealand,3.12%,3.16%,3.68%,3.62%,3.63%
Luxembourg,3.11%,1.80%,4.57%,4.31%,4.30%
Bulgaria,3.09%,3.50%,3.82%,3.99%,1.89%
Bhutan,3.06%,4.65%,8.13%,6.64%,5.78%
Bahamas,3.03%,3.12%,1.44%,0.23%,1.05%
Turkey,2.96%,7.50%,3.32%,6.08%,4.94%
Australia,2.95%,2.30%,2.77%,2.19%,2.53%
Sao Tome And Principe,2.95%,3.85%,4.16%,3.91%,6.55%
United States,2.93%,2.37%,1.64%,2.91%,2.53%
St. Kitts And Nevis,2.92%,-1.98%,2.83%,1.03%,6.28%
South Korea,2.91%,3.16%,2.95%,2.81%,3.20%
Vanuatu,2.90%,4.42%,3.47%,0.16%,2.30%
North Macedonia,2.90%,1.08%,2.85%,3.86%,3.63%
Portugal,2.85%,3.51%,2.02%,1.79%,0.79%
Hong Kong,2.85%,3.79%,2.17%,2.39%,2.76%
Croatia,2.81%,3.44%,3.50%,2.43%,-0.34%
Switzerland,2.75%,1.80%,1.72%,1.33%,2.45%
Tunisia,2.66%,1.92%,1.16%,1.19%,2.97%
Costa Rica,2.66%,3.86%,4.25%,3.63%,3.52%
St. Lucia,2.64%,3.49%,3.99%,-1.36%,1.76%
Austria,2.58%,2.40%,1.99%,1.01%,0.66%
Suriname,2.58%,1.76%,-5.56%,-3.41%,0.26%
Russia,2.54%,1.83%,0.19%,-1.97%,0.74%
Colombia,2.52%,1.36%,2.09%,2.96%,4.50%
Tuvalu,2.50%,4.09%,3.03%,9.14%,1.35%
Saudi Arabia,2.43%,-0.74%,1.67%,4.11%,3.65%
El Salvador,2.43%,2.25%,2.55%,2.40%,1.71%
Spain,2.43%,2.97%,3.03%,3.84%,1.38%
Chad,2.37%,-2.99%,-6.26%,2.77%,6.90%
Eswatini,2.37%,2.03%,1.10%,2.20%,0.91%
Netherlands,2.36%,2.91%,2.19%,1.96%,1.42%
Kiribati,2.31%,0.89%,5.14%,10.41%,-0.70%
Dominica,2.30%,-6.80%,2.56%,-2.69%,4.45%
Cuba,2.25%,1.81%,0.51%,4.44%,1.05%
Isle Of Man,2.21%,2.84%,6.95%,-0.39%,5.16%
Mexico,2.20%,2.11%,2.63%,3.29%,2.85%
American Samoa,2.18%,-5.85%,-2.77%,1.40%,0.94%
Denmark,2.18%,2.82%,3.25%,2.34%,1.62%
St. Vincent And The Grenadines,2.16%,1.00%,1.90%,1.33%,1.21%
Mauritania,2.12%,3.50%,1.26%,5.38%,4.27%
Belize,2.08%,1.87%,0.09%,2.85%,3.64%
Canada,2.01%,3.17%,1.00%,0.66%,2.87%
Sweden,1.95%,2.57%,2.07%,4.49%,2.66%
Jamaica,1.94%,1.00%,1.38%,0.92%,0.69%
Greece,1.93%,1.51%,-0.19%,-0.44%,0.74%
Jordan,1.93%,2.09%,1.99%,2.50%,3.38%
Nigeria,1.92%,0.81%,-1.62%,2.65%,6.31%
Belgium,1.81%,1.61%,1.27%,2.04%,1.58%
France,1.79%,2.29%,1.10%,1.11%,0.96%
Bahrain,1.78%,4.29%,3.56%,2.49%,4.35%
Oman,1.76%,0.35%,5.10%,4.63%,1.46%
Haiti,1.67%,2.29%,1.72%,1.62%,3.40%
Uruguay,1.62%,2.59%,1.69%,0.37%,3.24%
Burundi,1.61%,0.50%,-0.60%,-3.90%,4.24%
Andorra,1.59%,0.35%,3.71%,1.43%,2.50%
Finland,1.52%,3.27%,2.81%,0.54%,-0.36%
Azerbaijan,1.50%,0.15%,-3.06%,1.05%,2.80%
United Kingdom,1.34%,1.89%,1.92%,2.36%,2.61%
Brazil,1.32%,1.32%,-3.28%,-3.55%,0.50%
San Marino,1.31%,0.60%,2.46%,2.46%,-0.70%
Norway,1.29%,2.32%,1.07%,1.97%,1.97%
Ecuador,1.29%,2.37%,-1.23%,0.10%,3.79%
Germany,1.27%,2.60%,2.23%,1.49%,2.21%
Kuwait,1.25%,-4.71%,2.93%,0.59%,0.50%
Qatar,1.23%,-1.50%,3.06%,4.75%,5.33%
West Bank And Gaza,1.23%,1.42%,8.86%,3.72%,-0.16%
Liberia,1.22%,2.47%,-1.60%,0.00%,0.70%
Algeria,1.20%,1.30%,3.20%,3.70%,3.80%
UAE,1.19%,2.37%,3.06%,5.11%,4.28%
Afghanistan,1.19%,2.65%,2.26%,1.45%,2.72%
Italy,0.94%,1.67%,1.29%,0.78%,-0.00%
Gabon,0.84%,0.47%,2.09%,3.88%,4.32%
South Africa,0.79%,1.41%,0.40%,1.19%,1.85%
Yemen,0.75%,-5.07%,-9.38%,-27.99%,-0.19%
Namibia,0.70%,-0.26%,-0.28%,4.53%,5.76%
Japan,0.32%,2.17%,0.52%,1.22%,0.37%
Tonga,0.30%,3.32%,6.57%,1.17%,2.02%
Micronesia,0.21%,2.68%,0.90%,4.62%,-2.31%
Brunei,0.05%,1.33%,-2.48%,-0.39%,-2.51%
Trinidad And Tobago,-0.25%,-2.31%,-6.30%,1.82%,-0.91%
Guam,-0.27%,0.25%,0.29%,0.46%,1.73%
Papua New Guinea,-0.28%,3.53%,5.49%,6.58%,13.54%
Bermuda,-0.43%,3.61%,-0.66%,0.78%,-3.70%
Lesotho,-0.45%,-1.32%,5.05%,2.65%,2.88%
Iraq,-0.56%,-2.49%,15.21%,2.48%,0.70%
Barbados,-0.58%,0.48%,2.48%,2.45%,-0.12%
Timor-Leste,-1.05%,-4.10%,3.36%,2.91%,4.45%
Lebanon,-1.93%,0.85%,1.53%,0.21%,2.46%
Angola,-2.00%,-0.15%,-2.58%,0.94%,4.82%
Samoa,-2.06%,1.04%,8.05%,4.27%,0.08%
Curacao,-2.17%,-1.74%,-0.99%,0.28%,-1.14%
Sudan,-2.29%,0.77%,4.70%,4.91%,2.68%
Argentina,-2.57%,2.82%,-2.08%,2.73%,-2.51%
Nicaragua,-3.95%,4.63%,4.56%,4.79%,4.79%
Puerto Rico,-4.66%,-2.89%,-1.26%,-1.05%,-1.19%
Iran,-6.03%,3.76%,13.40%,-1.32%,4.60%
"Congo, Rep.",-6.20%,-4.63%,-10.19%,-3.24%,5.96%
Equatorial Guinea,-6.36%,-5.67%,-8.82%,-9.11%,0.42%
Sint Maarten (Dutch Part),-6.60%,-5.80%,0.50%,0.40%,1.58%
Northern Mariana Islands,-19.61%,25.57%,28.31%,3.52%,3.79%
Virgin Islands (U.S.),0.00%,-1.70%,0.90%,0.19%,-0.87%
South Sudan,0.00%,0.00%,0.00%,-10.79%,3.37%
Aruba,0.00%,2.00%,2.10%,5.70%,0.30%
Venezuela,0.00%,0.00%,0.00%,0.00%,-3.89%
Monaco,"$185,829","$167,517","$170,029","$166,012","$189,422"
Liechtenstein,"$181,403","$173,356","$165,629","$167,291","$178,846"
Luxembourg,"$116,654","$107,627","$104,278","$101,376","$118,824"
Bermuda,"$113,021","$111,821","$106,886","$102,006","$98,468"
Isle Of Man,"$89,108","$83,490","$82,206","$85,125","$92,335"
Macao,"$87,209","$81,517","$74,061","$75,341","$93,777"
Cayman Islands,"$85,975","$81,302","$78,465","$76,280","$74,990"
Switzerland,"$82,818","$80,450","$80,172","$82,082","$86,606"
Norway,"$81,734","$75,497","$70,459","$74,356","$97,019"
Ireland,"$78,621","$69,822","$63,197","$61,995","$55,493"
Iceland,"$72,969","$71,311","$61,467","$52,564","$54,242"
Singapore,"$66,189","$60,914","$56,828","$55,647","$57,563"
Qatar,"$65,908","$59,125","$57,163","$63,039","$83,858"
Faroe Islands,"$64,270","$60,108","$56,854","$52,405","$59,440"
United States,"$62,996","$60,062","$57,952","$56,839","$55,065"
Denmark,"$61,599","$57,610","$54,664","$53,255","$62,549"
Australia,"$57,355","$54,028","$49,971","$56,756","$62,511"
Sweden,"$54,589","$53,792","$51,965","$51,545","$60,020"
Greenland,"$54,471","$50,321","$48,182","$44,536","$50,485"
Netherlands,"$53,045","$48,675","$46,008","$45,175","$52,830"
Austria,"$51,478","$47,427","$45,277","$44,178","$51,717"
Finland,"$50,031","$46,337","$43,784","$42,785","$50,260"
San Marino,"$48,995","$45,399","$43,827","$42,660","$50,807"
Hong Kong,"$48,543","$46,166","$43,731","$42,432","$40,315"
Germany,"$47,811","$44,553","$42,108","$41,087","$47,960"
Belgium,"$47,583","$44,193","$41,984","$40,992","$47,701"
Canada,"$46,313","$45,149","$42,322","$43,586","$50,893"
UAE,"$43,839","$40,645","$38,142","$38,663","$43,752"
United Kingdom,"$43,043","$40,361","$41,064","$44,975","$47,426"
New Zealand,"$42,950","$42,849","$40,106","$38,616","$44,553"
Andorra,"$41,793","$38,963","$37,475","$35,763","$41,304"
Israel,"$41,720","$40,542","$37,322","$35,777","$37,679"
France,"$41,631","$38,812","$37,037","$36,638","$43,011"
Japan,"$39,159","$38,387","$38,762","$34,524","$38,109"
Guam,"$35,713","$35,616","$35,563","$35,279","$34,394"
Italy,"$34,616","$32,407","$30,940","$30,230","$35,518"
Kuwait,"$33,994","$29,759","$27,653","$29,870","$44,062"
Bahamas,"$33,768","$32,719","$31,563","$31,295","$29,980"
South Korea,"$33,423","$31,617","$29,289","$28,732","$29,250"
Brunei,"$31,628","$28,572","$27,158","$31,165","$41,727"
Puerto Rico,"$31,622","$31,109","$30,627","$29,763","$28,981"
Malta,"$30,437","$28,092","$25,618","$24,922","$26,754"
Spain,"$30,389","$28,170","$26,505","$25,732","$29,462"
Turks And Caicos Islands,"$29,555","$27,546","$28,241","$26,182","$23,780"
Sint Maarten (Dutch Part),"$29,160","$29,369","$31,617","$32,275","$33,044"
Cyprus,"$28,690","$26,339","$24,533","$23,334","$27,130"
Slovenia,"$26,116","$23,513","$21,664","$20,882","$24,215"
Bahrain,"$23,991","$23,743","$22,608","$22,634","$24,989"
Portugal,"$23,563","$21,490","$19,978","$19,242","$22,074"
Czech Republic,"$23,416","$20,636","$18,575","$17,830","$19,891"
Saudi Arabia,"$23,339","$20,804","$19,879","$20,628","$24,464"
Northern Mariana Islands,"$23,259","$28,305","$22,247","$16,691","$15,279"
Estonia,"$23,171","$20,458","$18,437","$17,522","$20,367"
Greece,"$20,324","$18,930","$18,116","$18,168","$21,761"
Curacao,"$19,574","$19,458","$19,555","$19,951","$20,258"
Slovak Republic,"$19,406","$17,557","$16,509","$16,311","$18,674"
St. Kitts And Nevis,"$19,277","$19,159","$18,810","$18,029","$18,051"
Lithuania,"$19,176","$16,885","$14,998","$14,258","$16,565"
Latvia,"$17,858","$15,682","$14,316","$13,775","$15,714"
Barbados,"$17,745","$17,391","$16,900","$16,525","$16,489"
Uruguay,"$17,278","$17,322","$15,387","$15,614","$16,832"
Trinidad And Tobago,"$17,130","$16,238","$16,177","$18,290","$20,271"
Antigua And Barbuda,"$16,673","$15,383","$15,198","$14,286","$13,502"
Oman,"$16,521","$15,131","$14,619","$16,029","$20,035"
Hungary,"$16,410","$14,606","$13,091","$12,707","$14,267"
Seychelles,"$16,391","$15,906","$15,069","$14,745","$14,700"
Chile,"$15,925","$14,999","$13,754","$13,574","$14,671"
Palau,"$15,661","$16,066","$16,647","$15,876","$13,711"
Panama,"$15,593","$15,150","$14,344","$13,630","$12,796"
Poland,"$15,468","$13,865","$12,447","$12,578","$14,271"
Croatia,"$15,014","$13,452","$12,361","$11,782","$13,599"
Romania,"$12,400","$10,808","$9,549","$8,969","$10,044"
Costa Rica,"$12,112","$11,815","$11,666","$11,299","$10,547"
Argentina,"$11,633","$14,613","$12,790","$13,789","$12,335"
American Samoa,"$11,467","$10,823","$11,697","$11,843","$11,507"
Malaysia,"$11,377","$10,259","$9,818","$9,955","$11,319"
Russia,"$11,371","$10,720","$8,705","$9,313","$14,096"
St. Lucia,"$11,358","$11,047","$10,362","$10,094","$9,844"
Mauritius,"$11,208","$10,485","$9,682","$9,260","$10,154"
Grenada,"$10,486","$10,153","$9,628","$9,097","$8,370"
Maldives,"$10,277","$9,578","$9,209","$9,033","$8,499"
Equatorial Guinea,"$10,144","$9,668","$9,250","$11,283","$19,394"
China,"$9,977","$8,879","$8,148","$8,067","$7,679"
Kazakhstan,"$9,813","$9,248","$7,715","$10,511","$12,807"
Nauru,"$9,762","$8,511","$7,670","$6,956","$8,829"
Mexico,"$9,687","$9,288","$8,745","$9,617","$10,929"
Turkey,"$9,456","$10,591","$10,895","$11,006","$12,157"
Bulgaria,"$9,428","$8,334","$7,549","$7,056","$7,877"
Brazil,"$9,001","$9,925","$8,710","$8,814","$12,113"
Montenegro,"$8,846","$7,784","$7,029","$6,515","$7,378"
Cuba,"$8,822","$8,541","$8,061","$7,694","$7,133"
Botswana,"$8,280","$7,893","$7,244","$6,800","$7,781"
Dominican Republic,"$8,051","$7,609","$7,281","$6,922","$6,609"
Lebanon,"$8,025","$7,801","$7,630","$7,645","$7,686"
Gabon,"$7,957","$7,230","$6,984","$7,385","$9,663"
Libya,"$7,877","$5,757","$4,035","$4,338","$6,467"
Dominica,"$7,694","$7,275","$8,081","$7,596","$7,318"
St. Vincent And The Grenadines,"$7,361","$7,213","$7,075","$6,921","$6,685"
Thailand,"$7,295","$6,593","$5,994","$5,840","$5,952"
Serbia,"$7,252","$6,293","$5,765","$5,589","$6,600"
Turkmenistan,"$6,967","$6,587","$6,390","$6,433","$7,962"
Peru,"$6,941","$6,711","$6,205","$6,229","$6,673"
Colombia,"$6,717","$6,377","$5,871","$6,176","$8,114"
South Africa,"$6,374","$6,132","$5,273","$5,735","$6,433"
Belarus,"$6,330","$5,762","$5,023","$5,949","$8,319"
Fiji,"$6,317","$6,101","$5,651","$5,391","$5,606"
Ecuador,"$6,296","$6,214","$6,060","$6,124","$6,377"
Guyana,"$6,146","$6,125","$5,811","$5,577","$5,407"
North Macedonia,"$6,089","$5,431","$5,129","$4,840","$5,468"
Bosnia,"$6,072","$5,395","$4,995","$4,727","$5,330"
Suriname,"$6,015","$5,638","$5,539","$8,562","$9,472"
Iraq,"$5,834","$5,205","$4,777","$4,990","$6,819"
Paraguay,"$5,806","$5,681","$5,319","$5,407","$6,103"
Iran,"$5,550","$5,520","$5,253","$4,904","$5,586"
Namibia,"$5,495","$5,303","$4,523","$4,869","$5,435"
Jamaica,"$5,354","$5,069","$4,843","$4,908","$4,834"
Albania,"$5,284","$4,531","$4,124","$3,953","$4,579"
Belize,"$4,885","$4,888","$4,818","$4,776","$4,706"
Tonga,"$4,741","$4,514","$4,158","$4,336","$4,354"
Azerbaijan,"$4,740","$4,147","$3,881","$5,500","$7,891"
Georgia,"$4,723","$4,357","$4,062","$4,014","$4,739"
Guatemala,"$4,473","$4,451","$4,173","$3,995","$3,780"
Kosovo,"$4,420","$4,046","$3,780","$3,603","$4,080"
Jordan,"$4,312","$4,234","$4,177","$4,164","$4,131"
Moldova,"$4,234","$3,510","$2,880","$2,732","$3,329"
Armenia,"$4,220","$3,915","$3,592","$3,607","$3,986"
Samoa,"$4,189","$4,260","$4,109","$4,074","$3,938"
Algeria,"$4,154","$4,111","$3,945","$4,188","$5,494"
Mongolia,"$4,135","$3,669","$3,660","$3,919","$4,159"
Eswatini,"$4,106","$3,915","$3,426","$3,680","$4,039"
Sri Lanka,"$4,081","$4,077","$3,886","$3,844","$3,819"
El Salvador,"$4,068","$3,910","$3,806","$3,706","$3,589"
Indonesia,"$3,894","$3,838","$3,563","$3,332","$3,492"
Marshall Islands,"$3,788","$3,667","$3,474","$3,214","$3,230"
Tuvalu,"$3,701","$3,572","$3,256","$3,198","$3,399"
Cabo Verde,"$3,617","$3,293","$3,131","$3,043","$3,589"
Micronesia,"$3,568","$3,290","$3,015","$2,906","$2,971"
West Bank And Gaza,"$3,562","$3,620","$3,528","$3,272","$3,352"
Bolivia,"$3,549","$3,351","$3,077","$3,036","$3,082"
Tunisia,"$3,439","$3,481","$3,698","$3,862","$4,305"
Angola,"$3,290","$4,096","$3,506","$4,167","$5,408"
Philippines,"$3,252","$3,123","$3,074","$3,001","$2,960"
Bhutan,"$3,243","$3,287","$2,931","$2,753","$2,652"
Morocco,"$3,222","$3,036","$2,897","$2,875","$3,172"
Djibouti,"$3,142","$2,914","$2,802","$2,659","$2,464"
Vanuatu,"$3,125","$3,082","$2,890","$2,802","$3,088"
Ukraine,"$3,097","$2,641","$2,188","$2,125","$3,105"
Papua New Guinea,"$2,801","$2,695","$2,510","$2,679","$2,921"
"Congo, Rep.","$2,578","$2,191","$2,075","$2,461","$3,754"
Vietnam,"$2,567","$2,366","$2,192","$2,085","$2,030"
Lao PDR,"$2,542","$2,424","$2,309","$2,135","$1,998"
Egypt,"$2,537","$2,444","$3,520","$3,563","$3,380"
Honduras,"$2,506","$2,454","$2,343","$2,302","$2,206"
Solomon Islands,"$2,442","$2,333","$2,225","$2,167","$2,275"
Ghana,"$2,202","$2,026","$1,931","$1,744","$1,971"
Nigeria,"$2,028","$1,969","$2,176","$2,687","$3,099"
Nicaragua,"$2,021","$2,159","$2,108","$2,050","$1,934"
India,"$2,006","$1,982","$1,733","$1,606","$1,574"
Sao Tome And Principe,"$1,954","$1,814","$1,700","$1,585","$1,770"
Kenya,"$1,708","$1,572","$1,411","$1,337","$1,316"
Bangladesh,"$1,698","$1,564","$1,402","$1,248","$1,119"
Kiribati,"$1,698","$1,641","$1,585","$1,543","$1,643"
Zimbabwe,"$1,684","$1,548","$1,465","$1,445","$1,435"
Mauritania,"$1,601","$1,578","$1,537","$1,524","$1,677"
Cameroon,"$1,534","$1,425","$1,364","$1,328","$1,543"
Uzbekistan,"$1,529","$1,827","$2,568","$2,615","$2,492"
Zambia,"$1,516","$1,535","$1,281","$1,338","$1,763"
Cambodia,"$1,512","$1,385","$1,270","$1,163","$1,093"
Pakistan,"$1,482","$1,465","$1,368","$1,357","$1,251"
Senegal,"$1,466","$1,362","$1,270","$1,219","$1,397"
Haiti,"$1,435","$1,294","$1,266","$1,389","$1,402"
Myanmar,"$1,418","$1,292","$1,267","$1,287","$1,252"
Comoros,"$1,416","$1,324","$1,273","$1,243","$1,514"
Kyrgyz Republic,"$1,308","$1,243","$1,121","$1,121","$1,280"
Benin,"$1,241","$1,137","$1,087","$1,077","$1,291"
Timor-Leste,"$1,230","$1,286","$1,354","$1,333","$1,232"
Lesotho,"$1,222","$1,150","$1,044","$1,152","$1,223"
Tanzania,"$1,061","$1,005",$966,$948,"$1,030"
Nepal,"$1,039",$911,$777,$793,$743
Mali,$895,$830,$781,$751,$848
Guinea,$879,$856,$732,$769,$787
Tajikistan,$827,$806,$803,$929,"$1,104"
Yemen,$824,$961,"$1,139","$1,602","$1,673"
Burkina Faso,$813,$735,$688,$653,$793
Rwanda,$783,$772,$745,$752,$744
Guinea-Bissau,$778,$739,$661,$603,$623
Ethiopia,$772,$769,$717,$641,$567
Uganda,$770,$747,$733,$844,$880
Gambia,$733,$680,$691,$661,$607
Chad,$726,$666,$693,$776,"$1,020"
Togo,$680,$626,$597,$571,$641
Liberia,$677,$699,$715,$710,$721
Sudan,$624,"$1,112","$1,299","$1,910","$1,710"
Niger,$572,$518,$498,$484,$565
"Congo, Dem. Rep.",$557,$467,$471,$497,$487
Sierra Leone,$534,$499,$501,$588,$715
Madagascar,$528,$515,$476,$467,$531
Mozambique,$503,$461,$429,$590,$674
Afghanistan,$494,$520,$509,$578,$614
Central African Republic,$476,$451,$402,$377,$424
Malawi,$381,$357,$316,$381,$371
Burundi,$272,$293,$282,$306,$275
Aruba,$0,"$29,008","$28,281","$27,981","$26,648"
Venezuela,$0,$0,$0,$0,"$16,054"
Virgin Islands (U.S.),$0,"$35,938","$35,932","$34,797","$33,573"
South Sudan,$0,$0,$0,"$1,120","$1,323"
Japan,196.58%,197.28%,194.43%,188.88%,186.03%
Jamaica,122.67%,124.66%,132.43%,135.90%,137.93%
United Kingdom,114.97%,105.16%,106.21%,95.14%,99.25%
Bhutan,110.68%,93.97%,93.11%,98.44%,74.24%
Singapore,109.20%,103.32%,99.61%,99.45%,107.83%
Spain,104.57%,104.74%,112.21%,99.92%,84.58%
United States,98.98%,96.82%,96.34%,96.08%,94.16%
Hungary,95.47%,95.31%,97.72%,93.96%,93.41%
Ireland,84.83%,88.52%,121.29%,131.58%,130.08%
Albania,80.74%,79.86%,73.32%,70.58%,63.67%
Jordan,74.07%,0.00%,77.71%,73.72%,65.35%
Iceland,73.53%,0.00%,0.00%,0.00%,108.47%
Brazil,73.42%,67.54%,58.46%,57.23%,59.85%
Ukraine,71.81%,70.26%,63.67%,37.03%,33.70%
Palau,68.70%,63.46%,21.88%,23.22%,27.27%
Kyrgyz Republic,60.47%,72.46%,53.89%,0.00%,0.00%
Colombia,57.41%,66.67%,79.68%,67.10%,65.23%
San Marino,57.33%,56.93%,0.00%,54.02%,51.22%
Malawi,55.16%,39.54%,40.63%,36.26%,41.42%
Bosnia,52.87%,0.00%,0.00%,0.00%,49.09%
El Salvador,52.07%,51.28%,50.84%,62.40%,0.00%
Malaysia,51.89%,53.57%,52.68%,53.00%,51.65%
Bahamas,51.46%,48.29%,46.42%,44.37%,36.43%
Uruguay,50.69%,51.19%,44.36%,42.74%,43.40%
Tonga,49.41%,51.18%,47.48%,49.04%,0.00%
Marshall Islands,48.89%,47.25%,49.87%,42.06%,48.61%
New Zealand,42.34%,43.43%,44.23%,46.54%,51.82%
Georgia,42.14%,38.63%,33.14%,31.85%,31.26%
Belarus,39.96%,37.60%,24.55%,23.84%,24.43%
South Korea,38.07%,37.49%,36.50%,34.93%,32.41%
Moldova,31.89%,21.27%,20.83%,19.92%,20.35%
Turkey,31.65%,29.05%,31.40%,32.67%,38.99%
Indonesia,31.37%,30.31%,27.42%,27.78%,25.03%
Iraq,28.08%,25.74%,0.00%,0.00%,0.00%
Micronesia,25.39%,29.94%,23.39%,26.32%,27.12%
Peru,23.18%,22.58%,19.34%,18.39%,19.22%
Guatemala,22.99%,23.57%,23.65%,25.21%,24.31%
Switzerland,19.73%,20.89%,21.05%,20.66%,21.85%
Kazakhstan,16.77%,19.31%,12.65%,10.84%,10.50%
Botswana,15.24%,17.91%,17.45%,18.21%,19.95%
Russia,14.24%,13.54%,11.20%,9.07%,8.55%
Solomon Islands,6.26%,6.74%,8.72%,10.11%,11.54%
Australia,0.05%,0.05%,0.04%,0.04%,0.04%
Namibia,0.00%,0.00%,23.90%,24.38%,20.66%
Zambia,0.00%,49.41%,44.40%,24.22%,23.49%
St. Vincent And The Grenadines,0.00%,0.00%,68.75%,63.55%,61.21%
Liberia,0.00%,0.00%,0.00%,0.00%,20.85%
Belize,0.00%,0.00%,78.48%,78.78%,76.96%
Philippines,0.00%,0.00%,43.43%,47.14%,49.16%
Seychelles,0.00%,63.34%,68.84%,51.55%,78.14%
India,0.00%,0.00%,0.00%,50.31%,50.68%
Tunisia,0.00%,0.00%,0.00%,0.00%,44.66%
St. Lucia,0.00%,0.00%,57.58%,56.92%,55.13%
Papua New Guinea,0.00%,29.88%,26.89%,0.00%,0.00%
UAE,0.00%,0.00%,0.00%,1.89%,0.00%
Sri Lanka,0.00%,77.65%,71.33%,70.82%,68.71%
Barbados,0.00%,141.73%,129.63%,120.49%,112.78%
Ethiopia,0.00%,0.00%,0.00%,10.73%,0.00%
Mauritius,0.00%,0.00%,0.00%,0.00%,36.51%
St. Kitts And Nevis,0.00%,0.00%,59.90%,69.91%,99.88%
Thailand,0.00%,35.27%,39.57%,34.78%,28.44%
